DATE,DEXJPUS
2010-02-08,89.3200
2010-02-09,89.4500
2010-02-10,89.8800
2010-02-11,89.8200
2010-02-12,90.0000
2010-02-15,.
2010-02-16,90.4600
2010-02-17,90.7900
2010-02-18,91.4300
2010-02-19,91.9400
2010-02-22,91.1100
2010-02-23,90.0400
2010-02-24,90.0600
2010-02-25,88.8500
2010-02-26,88.8400
2010-03-01,89.2800
2010-03-02,88.9500
2010-03-03,88.4300
2010-03-04,89.0200
2010-03-05,90.3200
2010-03-08,90.3000
2010-03-09,89.8900
2010-03-10,90.6200
2010-03-11,90.6000
2010-03-12,90.4600
2010-03-15,90.4500
2010-03-16,90.4300
2010-03-17,90.4200
2010-03-18,90.4600
2010-03-19,90.5000
2010-03-22,90.0200
2010-03-23,90.2400
2010-03-24,91.8900
2010-03-25,92.6900
2010-03-26,92.5600
2010-03-29,92.6500
2010-03-30,92.8900
2010-03-31,93.4000
2010-04-01,93.8300
2010-04-02,94.5100
2010-04-05,94.2800
2010-04-06,93.8100
2010-04-07,93.5900
2010-04-08,93.1600
2010-04-09,93.2800
2010-04-12,93.2100
2010-04-13,92.7800
2010-04-14,93.0100
2010-04-15,93.0400
2010-04-16,92.0300
2010-04-19,92.1800
2010-04-20,93.2800
2010-04-21,93.2400
2010-04-22,93.0100
2010-04-23,94.1800
2010-04-26,94.0600
2010-04-27,93.0100
2010-04-28,94.0700
2010-04-29,94.1600
2010-04-30,94.2400
2010-05-03,94.6800
2010-05-04,94.5800
2010-05-05,94.3000
2010-05-06,92.2200
2010-05-07,91.6700
2010-05-10,93.3900
2010-05-11,92.8300
2010-05-12,92.9300
2010-05-13,92.7000
2010-05-14,91.9400
2010-05-17,92.0800
2010-05-18,92.5200
2010-05-19,91.1600
2010-05-20,90.0700
2010-05-21,90.2100
2010-05-24,90.4900
2010-05-25,89.8900
2010-05-26,90.2800
2010-05-27,90.7100
2010-05-28,90.8100
2010-05-31,.
2010-06-01,91.1600
2010-06-02,92.2100
2010-06-03,92.3300
2010-06-04,91.8300
2010-06-07,92.0000
2010-06-08,91.3000
2010-06-09,91.5400
2010-06-10,91.0400
2010-06-11,91.7200
2010-06-14,91.8000
2010-06-15,91.2500
2010-06-16,91.3900
2010-06-17,90.9200
2010-06-18,90.7900
2010-06-21,91.1800
2010-06-22,90.5900
2010-06-23,89.8200
2010-06-24,89.4000
2010-06-25,89.3500
2010-06-28,89.2300
2010-06-29,88.3900
2010-06-30,88.4900
2010-07-01,87.4200
2010-07-02,87.6900
2010-07-05,.
2010-07-06,87.5500
2010-07-07,87.1600
2010-07-08,88.4400
2010-07-09,88.4800
2010-07-12,88.5300
2010-07-13,88.2400
2010-07-14,88.5900
2010-07-15,87.4100
2010-07-16,86.4000
2010-07-19,86.7700
2010-07-20,87.2200
2010-07-21,87.3000
2010-07-22,87.0000
2010-07-23,87.3100
2010-07-26,87.2000
2010-07-27,87.8800
2010-07-28,87.6200
2010-07-29,86.8700
2010-07-30,86.4300
2010-08-02,86.4200
2010-08-03,85.8800
2010-08-04,86.2600
2010-08-05,85.8300
2010-08-06,85.2500
2010-08-09,85.8800
2010-08-10,85.8800
2010-08-11,85.3600
2010-08-12,85.8300
2010-08-13,86.2000
2010-08-16,85.3300
2010-08-17,85.5100
2010-08-18,85.3100
2010-08-19,85.2700
2010-08-20,85.6300
2010-08-23,85.1600
2010-08-24,84.1600
2010-08-25,84.5600
2010-08-26,84.6100
2010-08-27,85.1000
2010-08-30,84.6700
2010-08-31,84.1000
2010-09-01,84.4800
2010-09-02,84.1500
2010-09-03,84.4500
2010-09-06,.
2010-09-07,83.7500
2010-09-08,83.8500
2010-09-09,83.8300
2010-09-10,84.1300
2010-09-13,83.5300
2010-09-14,83.0500
2010-09-15,85.6300
2010-09-16,85.7200
2010-09-17,85.7700
2010-09-20,85.7400
2010-09-21,85.3600
2010-09-22,84.3700
2010-09-23,84.3200
2010-09-24,84.2400
2010-09-27,84.1700
2010-09-28,83.8200
2010-09-29,83.6100
2010-09-30,83.5300
2010-10-01,83.3000
2010-10-04,83.3300
2010-10-05,83.1700
2010-10-06,82.8000
2010-10-07,82.3500
2010-10-08,81.8600
2010-10-11,.
2010-10-12,81.7400
2010-10-13,81.8100
2010-10-14,81.4400
2010-10-15,81.3200
2010-10-18,81.1600
2010-10-19,81.6000
2010-10-20,81.1400
2010-10-21,81.1600
2010-10-22,81.4800
2010-10-25,80.6100
2010-10-26,81.2800
2010-10-27,81.5500
2010-10-28,80.9900
2010-10-29,80.4800
2010-11-01,80.6600
2010-11-02,80.8000
2010-11-03,81.4100
2010-11-04,80.6100
2010-11-05,81.3500
2010-11-08,81.1400
2010-11-09,81.1500
2010-11-10,82.5300
2010-11-11,.
2010-11-12,82.4400
2010-11-15,82.9000
2010-11-16,83.4100
2010-11-17,83.1500
2010-11-18,83.6400
2010-11-19,83.4900
2010-11-22,83.4600
2010-11-23,82.8600
2010-11-24,83.3800
2010-11-25,.
2010-11-26,84.0800
2010-11-29,84.3400
2010-11-30,83.5600
2010-12-01,84.0000
2010-12-02,83.5300
2010-12-03,82.7300
2010-12-06,82.7000
2010-12-07,83.0400
2010-12-08,84.1600
2010-12-09,83.8500
2010-12-10,83.8700
2010-12-13,83.5700
2010-12-14,83.5200
2010-12-15,84.0400
2010-12-16,84.2300
2010-12-17,84.1500
2010-12-20,83.7200
2010-12-21,83.7600
2010-12-22,83.5600
2010-12-23,82.9700
2010-12-24,.
2010-12-27,82.9100
2010-12-28,82.2100
2010-12-29,81.9000
2010-12-30,81.6700
2010-12-31,.
2011-01-03,81.5600
2011-01-04,81.9600
2011-01-05,83.2200
2011-01-06,83.1500
2011-01-07,83.0400
2011-01-10,82.7800
2011-01-11,83.3600
2011-01-12,83.2900
2011-01-13,82.7200
2011-01-14,82.9900
2011-01-17,.
2011-01-18,82.6600
2011-01-19,82.0300
2011-01-20,83.0200
2011-01-21,82.6300
2011-01-24,82.4400
2011-01-25,82.3500
2011-01-26,82.2700
2011-01-27,83.0300
2011-01-28,82.0300
2011-01-31,81.9700
2011-02-01,81.4800
2011-02-02,81.8200
2011-02-03,81.4800
2011-02-04,81.9900
2011-02-07,82.4000
2011-02-08,81.9200
2011-02-09,82.4700
2011-02-10,83.1100
2011-02-11,83.5200
2011-02-14,83.3200
2011-02-15,83.7900
2011-02-16,83.7300
2011-02-17,83.2500
2011-02-18,83.2200
2011-02-21,.
2011-02-22,82.9400
2011-02-23,82.3900
2011-02-24,81.6700
2011-02-25,81.7600
2011-02-28,81.9400
2011-03-01,81.8600
2011-03-02,81.6200
2011-03-03,82.4100
2011-03-04,82.3500
2011-03-07,82.1200
2011-03-08,82.6900
2011-03-09,82.7800
2011-03-10,82.9800
2011-03-11,81.7700
2011-03-14,81.6500
2011-03-15,80.8200
2011-03-16,80.1700
2011-03-17,78.7400
2011-03-18,81.1400
2011-03-21,81.1100
2011-03-22,81.0000
2011-03-23,80.9400
2011-03-24,80.8200
2011-03-25,81.1200
2011-03-28,81.6700
2011-03-29,82.3800
2011-03-30,82.9800
2011-03-31,82.7600
2011-04-01,84.0500
2011-04-04,83.9800
2011-04-05,84.6500
2011-04-06,85.2600
2011-04-07,84.9800
2011-04-08,84.9900
2011-04-11,84.5800
2011-04-12,83.7900
2011-04-13,83.5900
2011-04-14,83.2300
2011-04-15,83.1300
2011-04-18,82.4300
2011-04-19,82.4100
2011-04-20,82.5800
2011-04-21,81.8100
2011-04-22,81.9200
2011-04-25,81.9300
2011-04-26,81.9300
2011-04-27,82.6000
2011-04-28,81.5700
2011-04-29,81.3100
2011-05-02,81.2300
2011-05-03,81.0200
2011-05-04,80.6900
2011-05-05,80.1200
2011-05-06,80.5100
2011-05-09,80.6600
2011-05-10,80.7500
2011-05-11,80.7800
2011-05-12,80.7500
2011-05-13,80.7600
2011-05-16,80.8200
2011-05-17,81.3900
2011-05-18,81.3700
2011-05-19,81.7800
2011-05-20,81.6400
2011-05-23,81.8100
2011-05-24,82.1200
2011-05-25,81.9600
2011-05-26,81.4400
2011-05-27,80.7500
2011-05-30,.
2011-05-31,81.2900
2011-06-01,80.8200
2011-06-02,80.9800
2011-06-03,80.3800
2011-06-06,80.1900
2011-06-07,80.2100
2011-06-08,79.8700
2011-06-09,80.0700
2011-06-10,80.2600
2011-06-13,80.1600
2011-06-14,80.5000
2011-06-15,80.7100
2011-06-16,80.7000
2011-06-17,80.1000
2011-06-20,80.2600
2011-06-21,80.1500
2011-06-22,80.0600
2011-06-23,80.4500
2011-06-24,80.3200
2011-06-27,80.8900
2011-06-28,80.8500
2011-06-29,80.8000
2011-06-30,80.6400
2011-07-01,80.8100
2011-07-04,.
2011-07-05,81.1400
2011-07-06,80.9000
2011-07-07,81.2600
2011-07-08,80.6400
2011-07-11,80.3700
2011-07-12,79.5300
2011-07-13,78.9900
2011-07-14,79.1100
2011-07-15,79.0300
2011-07-18,79.1000
2011-07-19,78.9100
2011-07-20,78.7600
2011-07-21,78.4700
2011-07-22,78.4400
2011-07-25,78.3100
2011-07-26,78.0400
2011-07-27,77.9900
2011-07-28,77.8700
2011-07-29,77.1800
2011-08-01,76.8700
2011-08-02,77.1300
2011-08-03,76.8700
2011-08-04,79.0100
2011-08-05,78.4800
2011-08-08,77.5300
2011-08-09,77.1600
2011-08-10,76.4100
2011-08-11,76.6800
2011-08-12,76.7900
2011-08-15,76.7300
2011-08-16,76.7600
2011-08-17,76.4600
2011-08-18,76.5200
2011-08-19,76.4600
2011-08-22,76.7700
2011-08-23,76.5900
2011-08-24,76.7800
2011-08-25,77.3800
2011-08-26,76.6200
2011-08-29,76.9600
2011-08-30,76.7500
2011-08-31,76.5000
2011-09-01,76.8100
2011-09-02,76.7900
2011-09-05,.
2011-09-06,77.4800
2011-09-07,77.3900
2011-09-08,77.4300
2011-09-09,77.3100
2011-09-12,77.1500
2011-09-13,76.8800
2011-09-14,76.7100
2011-09-15,76.7000
2011-09-16,76.8900
2011-09-19,76.4800
2011-09-20,76.5200
2011-09-21,76.3800
2011-09-22,76.3100
2011-09-23,76.3000
2011-09-26,76.3500
2011-09-27,76.6000
2011-09-28,76.51
2011-09-29,76.6800
2011-09-30,77.0400
2011-10-03,76.6600
2011-10-04,76.8600
2011-10-05,76.8600
2011-10-06,76.6400
2011-10-07,76.7700
2011-10-10,.
2011-10-11,76.6600
2011-10-12,77.3000
2011-10-13,76.8800
2011-10-14,77.3600
2011-10-17,76.8000
2011-10-18,76.7500
2011-10-19,76.7900
2011-10-20,76.9100
2011-10-21,76.1000
2011-10-24,76.1000
2011-10-25,75.8800
2011-10-26,76.0500
2011-10-27,75.8000
2011-10-28,75.7200
2011-10-31,77.9700
2011-11-01,78.2800
2011-11-02,78.0400
2011-11-03,77.9600
2011-11-04,78.1700
2011-11-07,78.0600
2011-11-08,77.7900
2011-11-09,77.7700
2011-11-10,77.5800
2011-11-11,.
2011-11-14,77.0200
2011-11-15,76.9900
2011-11-16,77.0200
2011-11-17,76.9800
2011-11-18,76.9300
2011-11-21,76.9700
2011-11-22,77.0700
2011-11-23,77.4100
2011-11-24,.
2011-11-25,77.6600
2011-11-28,78.0500
2011-11-29,77.8600
2011-11-30,77.5800
2011-12-01,77.6000
2011-12-02,77.8800
2011-12-05,77.7700
2011-12-06,77.7300
2011-12-07,77.6900
2011-12-08,77.6700
2011-12-09,77.5800
2011-12-12,77.8700
2011-12-13,77.8600
2011-12-14,78.0800
2011-12-15,77.8700
2011-12-16,77.6500
2011-12-19,77.9600
2011-12-20,77.7600
2011-12-21,78.0000
2011-12-22,78.1300
2011-12-23,78.1300
2011-12-26,.
2011-12-27,77.8300
2011-12-28,77.9800
2011-12-29,77.7100
2011-12-30,76.9800
2012-01-02,.
2012-01-03,76.6700
2012-01-04,76.6800
2012-01-05,77.1800
2012-01-06,77.0600
2012-01-09,76.8800
2012-01-10,76.8400
2012-01-11,76.9000
2012-01-12,76.7600
2012-01-13,76.9000
2012-01-16,.
2012-01-17,76.8000
2012-01-18,76.8100
2012-01-19,77.2300
2012-01-20,76.9700
2012-01-23,76.9200
2012-01-24,77.7800
2012-01-25,78.1300
2012-01-26,77.4700
2012-01-27,76.6800
2012-01-30,76.2800
2012-01-31,76.3400
2012-02-01,76.1100
2012-02-02,76.1300
2012-02-03,76.5400
2012-02-06,76.5400
2012-02-07,76.8800
2012-02-08,76.9000
2012-02-09,77.4200
2012-02-10,77.5700
2012-02-13,77.5200
2012-02-14,78.3900
2012-02-15,78.2200
2012-02-16,78.7700
2012-02-17,79.3300
2012-02-20,.
2012-02-21,79.7300
2012-02-22,80.3000
2012-02-23,80.2100
2012-02-24,80.8800
2012-02-27,80.4200
2012-02-28,80.4400
2012-02-29,81.1000
2012-03-01,81.1600
2012-03-02,81.5600
2012-03-05,81.4300
2012-03-06,80.8600
2012-03-07,81.0600
2012-03-08,81.5000
2012-03-09,82.5900
2012-03-12,82.2100
2012-03-13,82.6600
2012-03-14,83.7800
2012-03-15,83.2800
2012-03-16,83.3400
2012-03-19,83.3100
2012-03-20,83.6200
2012-03-21,83.6200
2012-03-22,82.5000
2012-03-23,82.3500
2012-03-26,82.8400
2012-03-27,83.1500
2012-03-28,82.7400
2012-03-29,82.2800
2012-03-30,82.4100
2012-04-02,82.1600
2012-04-03,82.1800
2012-04-04,82.6200
2012-04-05,82.3300
2012-04-06,81.5600
2012-04-09,81.3600
2012-04-10,80.9400
2012-04-11,80.8800
2012-04-12,80.8700
2012-04-13,80.9900
2012-04-16,80.4600
2012-04-17,80.7200
2012-04-18,81.2900
2012-04-19,81.5700
2012-04-20,81.6000
2012-04-23,81.1600
2012-04-24,81.2100
2012-04-25,81.3300
2012-04-26,80.7800
2012-04-27,80.4800
2012-04-30,79.8100
2012-05-01,80.1700
2012-05-02,80.1900
2012-05-03,80.3600
2012-05-04,79.8400
2012-05-07,79.8800
2012-05-08,79.7900
2012-05-09,79.6400
2012-05-10,79.9100
2012-05-11,79.8600
2012-05-14,79.8300
2012-05-15,80.0900
2012-05-16,80.3200
2012-05-17,79.2600
2012-05-18,79.1400
2012-05-21,79.3100
2012-05-22,79.9800
2012-05-23,79.3300
2012-05-24,79.4700
2012-05-25,79.6400
2012-05-28,.
2012-05-29,79.4400
2012-05-30,78.9300
2012-05-31,78.2900
2012-06-01,78.2100
2012-06-04,78.3000
2012-06-05,78.5700
2012-06-06,79.1100
2012-06-07,79.6700
2012-06-08,79.4700
2012-06-11,79.5000
2012-06-12,79.4400
2012-06-13,79.3500
2012-06-14,79.2900
2012-06-15,78.6500
2012-06-18,78.9500
2012-06-19,78.9200
2012-06-20,79.5400
2012-06-21,80.1800
2012-06-22,80.5200
2012-06-25,79.5000
2012-06-26,79.4600
2012-06-27,79.8300
2012-06-28,79.3500
2012-06-29,79.8100
2012-07-02,79.4200
2012-07-03,79.7700
2012-07-04,.
2012-07-05,79.9500
2012-07-06,79.6100
2012-07-09,79.6600
2012-07-10,79.4400
2012-07-11,79.7000
2012-07-12,79.2900
2012-07-13,79.2000
2012-07-16,78.8000
2012-07-17,79.0400
2012-07-18,78.7900
2012-07-19,78.6000
2012-07-20,78.4900
2012-07-23,78.3800
2012-07-24,78.1900
2012-07-25,78.2100
2012-07-26,78.2400
2012-07-27,78.5500
2012-07-30,78.2000
2012-07-31,78.1000
2012-08-01,78.1900
2012-08-02,78.2200
2012-08-03,78.6000
2012-08-06,78.1700
2012-08-07,78.7100
2012-08-08,78.4400
2012-08-09,78.6400
2012-08-10,78.2400
2012-08-13,78.3400
2012-08-14,78.8200
2012-08-15,78.8900
2012-08-16,79.2500
2012-08-17,79.5000
2012-08-20,79.4100
2012-08-21,79.4300
2012-08-22,79.1900
2012-08-23,78.4600
2012-08-24,78.6500
2012-08-27,78.6700
2012-08-28,78.5000
2012-08-29,78.7200
2012-08-30,78.5500
2012-08-31,78.3000
2012-09-03,.
2012-09-04,78.3500
2012-09-05,78.3400
2012-09-06,78.9600
2012-09-07,78.1400
2012-09-10,78.2400
2012-09-11,77.7800
2012-09-12,77.8600
2012-09-13,77.4100
2012-09-14,78.2200
2012-09-17,78.6800
2012-09-18,78.5900
2012-09-19,78.4000
2012-09-20,78.3000
2012-09-21,78.1700
2012-09-24,77.9000
2012-09-25,77.9100
2012-09-26,77.7800
2012-09-27,77.6200
2012-09-28,77.9200
2012-10-01,78.0000
2012-10-02,78.0100
2012-10-03,78.5700
2012-10-04,78.4400
2012-10-05,78.6600
2012-10-08,.
2012-10-09,78.2300
2012-10-10,78.2600
2012-10-11,78.4400
2012-10-12,78.3100
2012-10-15,78.7600
2012-10-16,78.9200
2012-10-17,78.7400
2012-10-18,79.2400
2012-10-19,79.2600
2012-10-22,79.8400
2012-10-23,79.7900
2012-10-24,79.8200
2012-10-25,80.0400
2012-10-26,79.6300
2012-10-29,79.8100
2012-10-30,79.5800
2012-10-31,79.9400
2012-11-01,80.1400
2012-11-02,80.5300
2012-11-05,80.1700
2012-11-06,80.2800
2012-11-07,79.8500
2012-11-08,79.7400
2012-11-09,79.4600
2012-11-12,.
2012-11-13,79.4200
2012-11-14,80.2000
2012-11-15,81.1600
2012-11-16,81.2800
2012-11-19,81.1800
2012-11-20,81.7200
2012-11-21,82.3600
2012-11-22,.
2012-11-23,82.3400
2012-11-26,82.1100
2012-11-27,82.2300
2012-11-28,81.8400
2012-11-29,82.0600
2012-11-30,82.5400
2012-12-03,82.2400
2012-12-04,81.8600
2012-12-05,82.4000
2012-12-06,82.2900
2012-12-07,82.3700
2012-12-10,82.3700
2012-12-11,82.4200
2012-12-12,83.1000
2012-12-13,83.5400
2012-12-14,83.5200
2012-12-17,83.7000
2012-12-18,84.0000
2012-12-19,84.3200
2012-12-20,84.3300
2012-12-21,84.1000
2012-12-24,84.8100
2012-12-25,.
2012-12-26,85.6200
2012-12-27,86.0600
2012-12-28,86.1200
2012-12-31,86.6400
2013-01-01,.
2013-01-02,87.1000
2013-01-03,86.9200
2013-01-04,88.1400
2013-01-07,87.6800
2013-01-08,87.3100
2013-01-09,87.9000
2013-01-10,88.1600
2013-01-11,89.2200
2013-01-14,89.3400
2013-01-15,88.6500
2013-01-16,88.6400
2013-01-17,89.4100
2013-01-18,89.9000
2013-01-21,.
2013-01-22,88.6200
2013-01-23,88.4400
2013-01-24,90.0400
2013-01-25,91.0400
2013-01-28,90.7300
2013-01-29,90.6500
2013-01-30,91.0500
2013-01-31,91.2800
2013-02-01,92.5400
2013-02-04,92.5700
2013-02-05,93.3400
2013-02-06,93.5600
2013-02-07,93.2400
2013-02-08,92.7200
2013-02-11,93.4400
2013-02-12,93.1400
2013-02-13,93.3900
2013-02-14,93.1000
2013-02-15,93.6400
2013-02-18,.
2013-02-19,93.5400
2013-02-20,93.5300
2013-02-21,92.9600
2013-02-22,93.3500
2013-02-25,93.3500
2013-02-26,91.3800
2013-02-27,91.8800
2013-02-28,92.3600
2013-03-01,93.3800
2013-03-04,93.3200
2013-03-05,93.3900
2013-03-06,93.6400
2013-03-07,95.0000
2013-03-08,96.0000
2013-03-11,96.1200
2013-03-12,95.9600
2013-03-13,96.0000
2013-03-14,96.1600
2013-03-15,95.2600
2013-03-18,94.9200
2013-03-19,94.8500
2013-03-20,95.5100
2013-03-21,95.0600
2013-03-22,94.4800
2013-03-25,94.3400
2013-03-26,94.2200
2013-03-27,94.3800
2013-03-28,94.0200
2013-03-29,94.1600
2013-04-01,93.3000
2013-04-02,93.4300
2013-04-03,92.9600
2013-04-04,96.1200
2013-04-05,96.8600
2013-04-08,98.9000
2013-04-09,99.0200
2013-04-10,99.6100
2013-04-11,99.4200
2013-04-12,98.9800
2013-04-15,98.0000
2013-04-16,97.8600
2013-04-17,97.7400
2013-04-18,98.2200
2013-04-19,99.2800
2013-04-22,99.2900
2013-04-23,99.4300
2013-04-24,99.3900
2013-04-25,99.4200
2013-04-26,97.8400
2013-04-29,98.0900
2013-04-30,97.5200
2013-05-01,97.2800
2013-05-02,97.9600
2013-05-03,99.1000
2013-05-06,99.3500
2013-05-07,99.0000
2013-05-08,98.9000
2013-05-09,99.2900
2013-05-10,101.7400
2013-05-13,101.8400
2013-05-14,102.1800
2013-05-15,102.4400
2013-05-16,102.2200
2013-05-17,102.9800
2013-05-20,102.5400
2013-05-21,102.3600
2013-05-22,103.5200
2013-05-23,101.6600
2013-05-24,100.9800
2013-05-27,.
2013-05-28,102.0700
2013-05-29,100.9100
2013-05-30,101.0600
2013-05-31,100.8300
2013-06-03,99.1800
2013-06-04,100.1500
2013-06-05,99.1600
2013-06-06,97.7600
2013-06-07,97.2000
2013-06-10,98.8800
2013-06-11,96.8200
2013-06-12,95.3600
2013-06-13,94.2900
2013-06-14,94.3400
2013-06-17,94.8700
2013-06-18,95.2000
2013-06-19,95.2200
2013-06-20,98.1800
2013-06-21,97.4800
2013-06-24,97.7000
2013-06-25,97.8700
2013-06-26,97.4300
2013-06-27,98.4000
2013-06-28,99.2100
2013-07-01,99.6200
2013-07-02,100.4300
2013-07-03,99.8200
2013-07-04,.
2013-07-05,100.9400
2013-07-08,101.0700
2013-07-09,101.0800
2013-07-10,100.1000
2013-07-11,98.8000
2013-07-12,99.3900
2013-07-15,100.0400
2013-07-16,99.3700
2013-07-17,99.7000
2013-07-18,100.6000
2013-07-19,100.3000
2013-07-22,99.6000
2013-07-23,99.7600
2013-07-24,100.2100
2013-07-25,99.5600
2013-07-26,98.2400
2013-07-29,97.8000
2013-07-30,98.0200
2013-07-31,98.3500
2013-08-01,99.3000
2013-08-02,99.0400
2013-08-05,98.5400
2013-08-06,97.8500
2013-08-07,96.7200
2013-08-08,96.0300
2013-08-09,96.2400
2013-08-12,96.4400
2013-08-13,98.0600
2013-08-14,98.1500
2013-08-15,97.8100
2013-08-16,97.6000
2013-08-19,97.9400
2013-08-20,97.1200
2013-08-21,97.6600
2013-08-22,98.5300
2013-08-23,98.5700
2013-08-26,98.6400
2013-08-27,97.3000
2013-08-28,97.6500
2013-08-29,98.4600
2013-08-30,98.2200
2013-09-02,.
2013-09-03,99.4300
2013-09-04,99.6100
2013-09-05,100.0800
2013-09-06,99.0400
2013-09-09,99.5500
2013-09-10,100.2200
2013-09-11,100.0800
2013-09-12,99.2400
2013-09-13,99.3800
2013-09-16,98.9800
2013-09-17,99.1600
2013-09-18,99.0400
2013-09-19,99.3300
2013-09-20,99.3800
2013-09-23,98.7600
2013-09-24,98.7600
2013-09-25,98.6200
2013-09-26,98.9500
2013-09-27,98.3000
2013-09-30,98.2900
2013-10-01,98.0500
2013-10-02,97.3600
2013-10-03,97.0800
2013-10-04,97.2000
2013-10-07,97.0200
2013-10-08,96.9400
2013-10-09,97.2300
2013-10-10,98.0900
2013-10-11,98.4200
2013-10-14,.
2013-10-15,98.5800
2013-10-16,98.9000
2013-10-17,97.8500
2013-10-18,97.7700
2013-10-21,98.1400
2013-10-22,98.1800
2013-10-23,97.2800
2013-10-24,97.3600
2013-10-25,97.4600
2013-10-28,97.7000
2013-10-29,98.0900
2013-10-30,98.1400
2013-10-31,98.1000
2013-11-01,98.7800
2013-11-04,98.6200
2013-11-05,98.6000
2013-11-06,98.6000
2013-11-07,98.5600
2013-11-08,99.0300
2013-11-11,.
2013-11-12,99.6500
2013-11-13,99.3100
2013-11-14,99.9300
2013-11-15,100.1700
2013-11-18,100.0400
2013-11-19,100.1400
2013-11-20,100.0200
2013-11-21,100.9500
2013-11-22,101.2900
2013-11-25,101.7000
2013-11-26,101.3800
2013-11-27,102.1800
2013-11-28,.
2013-11-29,102.4500
2013-12-02,103.0400
2013-12-03,102.3600
2013-12-04,102.4800
2013-12-05,101.8200
2013-12-06,102.8800
2013-12-09,103.2200
2013-12-10,102.8000
2013-12-11,102.3800
2013-12-12,103.1100
2013-12-13,103.2800
2013-12-16,102.9100
2013-12-17,102.6300
2013-12-18,103.1800
2013-12-19,104.1600
2013-12-20,104.0700
2013-12-23,104.0600
2013-12-24,104.2600
2013-12-25,.
2013-12-26,104.7200
2013-12-27,105.0500
2013-12-30,105.0000
2013-12-31,105.2500
2014-01-01,.
2014-01-02,104.8400
2014-01-03,104.4600
2014-01-06,104.3800
2014-01-07,104.5400
2014-01-08,104.8700
2014-01-09,104.7400
2014-01-10,104.0600
2014-01-13,103.3100
2014-01-14,103.8000
2014-01-15,104.4200
2014-01-16,104.3200
2014-01-17,104.3200
2014-01-20,.
2014-01-21,104.1400
2014-01-22,104.3600
2014-01-23,103.6500
2014-01-24,102.4100
2014-01-27,102.2600
2014-01-28,102.8000
2014-01-29,102.2000
2014-01-30,102.8300
2014-01-31,102.2800
2014-02-03,101.1100
2014-02-04,101.6200
2014-02-05,101.3800
2014-02-06,101.8400
2014-02-07,102.3200
2014-02-10,102.1400
2014-02-11,102.6300
2014-02-12,102.4800
2014-02-13,102.2000
2014-02-14,101.8200
2014-02-17,.
2014-02-18,102.3100
2014-02-19,102.3000
2014-02-20,102.3200
2014-02-21,102.7100
2014-02-24,102.4400
2014-02-25,102.2000
2014-02-26,102.3600
2014-02-27,102.1200
2014-02-28,102.0800
2014-03-03,101.3600
2014-03-04,102.1800
2014-03-05,102.3200
2014-03-06,103.0300
2014-03-07,103.3800
2014-03-10,103.2300
2014-03-11,103.1800
2014-03-12,102.7400
2014-03-13,102.1200
2014-03-14,101.4600
2014-03-17,101.6200
2014-03-18,101.3700
2014-03-19,101.5400
2014-03-20,102.3900
2014-03-21,102.3800
2014-03-24,102.2100
2014-03-25,102.3200
2014-03-26,102.3000
2014-03-27,102.1000
2014-03-28,102.9200
2014-03-31,102.9800
2014-04-01,103.5200
2014-04-02,103.8200
2014-04-03,103.9400
2014-04-04,103.3900
2014-04-07,103.0400
2014-04-08,102.1200
2014-04-09,101.8500
2014-04-10,101.4300
2014-04-11,101.5600
2014-04-14,101.8100
2014-04-15,101.6000
2014-04-16,102.3000
2014-04-17,102.2200
2014-04-18,102.4300
2014-04-21,102.5600
2014-04-22,102.6000
2014-04-23,102.2600
2014-04-24,102.3400
2014-04-25,102.1200
2014-04-28,102.4600
2014-04-29,102.5700
2014-04-30,102.1400
2014-05-01,102.3000
2014-05-02,102.3400
2014-05-05,102.0600
2014-05-06,101.5700
2014-05-07,101.7200
2014-05-08,101.6600
2014-05-09,101.7400
2014-05-12,102.1000
2014-05-13,102.2000
2014-05-14,101.7500
2014-05-15,101.4400
2014-05-16,101.5000
2014-05-19,101.2600
2014-05-20,101.2600
2014-05-21,101.4400
2014-05-22,101.7600
2014-05-23,101.8800
2014-05-26,.
2014-05-27,102.1400
2014-05-28,101.7800
2014-05-29,101.5800
2014-05-30,101.7700
2014-06-02,102.3000
2014-06-03,102.4200
2014-06-04,102.6900
2014-06-05,102.4400
2014-06-06,102.5000
2014-06-09,102.5200
2014-06-10,102.3700
2014-06-11,101.9400
2014-06-12,101.8300
2014-06-13,102.0600
2014-06-16,101.8200
2014-06-17,102.1800
2014-06-18,102.1600
2014-06-19,101.8400
2014-06-20,102.1400
2014-06-23,101.9000
2014-06-24,102.1300
2014-06-25,101.7500
2014-06-26,101.6600
2014-06-27,101.3900
2014-06-30,101.2800
2014-07-01,101.5100
2014-07-02,101.7600
2014-07-03,102.1900
2014-07-04,.
2014-07-07,101.8400
2014-07-08,101.5300
2014-07-09,101.7000
2014-07-10,101.2600
2014-07-11,101.3300
2014-07-14,101.5800
2014-07-15,101.6200
2014-07-16,101.6900
2014-07-17,101.3000
2014-07-18,101.3700
2014-07-21,101.3400
2014-07-22,101.5400
2014-07-23,101.5000
2014-07-24,101.8200
2014-07-25,101.8100
2014-07-28,101.8200
2014-07-29,102.1200
2014-07-30,102.9000
2014-07-31,102.7500
2014-08-01,102.4500
2014-08-04,102.4700
2014-08-05,102.7700
2014-08-06,102.3400
2014-08-07,102.0600
2014-08-08,101.9100
2014-08-11,102.1400
2014-08-12,102.2200
2014-08-13,102.4800
2014-08-14,102.4400
2014-08-15,102.1900
2014-08-18,102.5400
2014-08-19,102.8600
2014-08-20,103.3600
2014-08-21,103.7800
2014-08-22,103.9700
2014-08-25,103.9600
2014-08-26,104.1200
2014-08-27,103.9800
2014-08-28,103.7800
2014-08-29,104.0000
2014-09-01,.
2014-09-02,105.1000
2014-09-03,104.8800
2014-09-04,105.2200
2014-09-05,104.9400
2014-09-08,105.6500
2014-09-09,106.3200
2014-09-10,106.7600
2014-09-11,106.8700
2014-09-12,107.2400
2014-09-15,107.1800
2014-09-16,106.9100
2014-09-17,107.5800
2014-09-18,108.6900
2014-09-19,108.9600
2014-09-22,108.8800
2014-09-23,108.8200
2014-09-24,108.9200
2014-09-25,108.7000
2014-09-26,109.3200
2014-09-29,109.3400
2014-09-30,109.6600
2014-10-01,109.3000
2014-10-02,108.1000
2014-10-03,109.7000
2014-10-06,109.0800
2014-10-07,108.3000
2014-10-08,108.4100
2014-10-09,108.0000
2014-10-10,107.8300
2014-10-13,.
2014-10-14,107.1500
2014-10-15,106.0600
2014-10-16,105.9800
2014-10-17,106.7200
2014-10-20,106.8700
2014-10-21,106.7000
2014-10-22,107.3200
2014-10-23,108.1600
2014-10-24,108.0600
2014-10-27,107.7100
2014-10-28,108.0000
2014-10-29,108.1000
2014-10-30,108.9400
2014-10-31,112.0900
2014-11-03,113.9200
2014-11-04,113.4400
2014-11-05,114.6200
2014-11-06,114.8700
2014-11-07,114.7300
2014-11-10,114.7800
2014-11-11,.
2014-11-12,115.4200
2014-11-13,115.6300
2014-11-14,116.5200
2014-11-17,116.4400
2014-11-18,116.7600
2014-11-19,117.7000
2014-11-20,118.1400
2014-11-21,117.7400
2014-11-24,118.3900
2014-11-25,117.9900
2014-11-26,117.6000
2014-11-27,.
2014-11-28,118.7000
2014-12-01,118.1400
2014-12-02,119.1000
2014-12-03,119.8200
2014-12-04,119.6700
2014-12-05,121.3800
2014-12-08,120.8900
2014-12-09,118.8700
2014-12-10,118.5000
2014-12-11,119.4000
2014-12-12,118.2200
2014-12-15,117.7500
2014-12-16,117.2800
2014-12-17,117.6400
2014-12-18,118.8400
2014-12-19,119.5600
2014-12-22,119.8400
2014-12-23,120.6800
2014-12-24,120.4500
2014-12-25,.
2014-12-26,.
2014-12-29,120.5700
2014-12-30,119.3400
2014-12-31,119.8500
2015-01-01,.
2015-01-02,120.2000
2015-01-05,119.6400
2015-01-06,118.2600
2015-01-07,119.5200
2015-01-08,119.5100
2015-01-09,118.6600
2015-01-12,118.3200
2015-01-13,118.1600
2015-01-14,116.7800
2015-01-15,116.9500
2015-01-16,117.4500
2015-01-19,.
2015-01-20,118.4800
2015-01-21,117.8600
2015-01-22,117.9200
2015-01-23,117.8000
2015-01-26,118.3800
2015-01-27,117.6200
2015-01-28,117.7400
2015-01-29,118.3100
2015-01-30,117.4400
2015-02-02,117.3300
2015-02-03,117.4800
2015-02-04,117.5800
2015-02-05,117.4000
2015-02-06,119.1600
2015-02-09,118.7000
2015-02-10,119.3200
2015-02-11,120.3800
2015-02-12,118.7200
2015-02-13,118.7000
2015-02-16,.
2015-02-17,118.9900
2015-02-18,119.1900
2015-02-19,118.8400
2015-02-20,118.6800
2015-02-23,118.8800
2015-02-24,119.1300
2015-02-25,118.8800
2015-02-26,119.3600
2015-02-27,119.7200
2015-03-02,120.0600
2015-03-03,119.4700
2015-03-04,119.7600
2015-03-05,120.2200
2015-03-06,120.9300
2015-03-09,121.1700
2015-03-10,121.2000
2015-03-11,121.5000
2015-03-12,121.2800
2015-03-13,121.1700
2015-03-16,121.3000
2015-03-17,121.2800
2015-03-18,120.9200
2015-03-19,120.9000
2015-03-20,120.2800
2015-03-23,119.7400
2015-03-24,119.9000
2015-03-25,119.3700
2015-03-26,119.0100
2015-03-27,119.1500
2015-03-30,120.1100
2015-03-31,119.9600
2015-04-01,119.6200
2015-04-02,119.7400
2015-04-03,118.9600
2015-04-06,119.0500
2015-04-07,120.3600
2015-04-08,119.9600
2015-04-09,120.3200
2015-04-10,120.2900
2015-04-13,120.3200
2015-04-14,119.2600
2015-04-15,119.2300
2015-04-16,119.1800
2015-04-17,119.0200
2015-04-20,119.2700
2015-04-21,119.4500
2015-04-22,119.9000
2015-04-23,119.6900
2015-04-24,118.9800
2015-04-27,119.1200
2015-04-28,118.8000
2015-04-29,118.8300
2015-04-30,119.8600
2015-05-01,120.2100
2015-05-04,120.2500
2015-05-05,119.8700
2015-05-06,119.4200
2015-05-07,119.7400
2015-05-08,119.7800
2015-05-11,120.0500
2015-05-12,119.8000
2015-05-13,119.0900
2015-05-14,119.2000
2015-05-15,119.3600
2015-05-18,119.8200
2015-05-19,120.5800
2015-05-20,121.2800
2015-05-21,121.0600
2015-05-22,121.4500
2015-05-25,.
2015-05-26,123.0800
2015-05-27,123.7600
2015-05-28,124.1800
2015-05-29,123.9800
2015-06-01,124.6400
2015-06-02,124.1900
2015-06-03,124.0600
2015-06-04,124.5600
2015-06-05,125.5800
2015-06-08,125.0800
2015-06-09,124.1600
2015-06-10,122.7200
2015-06-11,123.6200
2015-06-12,123.2300
2015-06-15,123.3800
2015-06-16,123.3900
2015-06-17,124.2500
2015-06-18,122.8700
2015-06-19,122.7000
2015-06-22,123.2800
2015-06-23,123.7100
2015-06-24,124.2400
2015-06-25,123.6300
2015-06-26,123.9200
2015-06-29,122.5000
2015-06-30,122.1000
2015-07-01,123.0200
2015-07-02,123.1400
2015-07-03,.
2015-07-06,122.5300
2015-07-07,122.1600
2015-07-08,120.5400
2015-07-09,121.2200
2015-07-10,122.7500
2015-07-13,123.3500
2015-07-14,123.3900
2015-07-15,123.8900
2015-07-16,124.0400
2015-07-17,124.0000
2015-07-20,124.2400
2015-07-21,123.9300
2015-07-22,124.0800
2015-07-23,123.8800
2015-07-24,123.7400
2015-07-27,123.2400
2015-07-28,123.5200
2015-07-29,123.8600
2015-07-30,124.3800
2015-07-31,123.9400
2015-08-03,123.9800
2015-08-04,124.0000
2015-08-05,124.8400
2015-08-06,124.6000
2015-08-07,124.2700
2015-08-10,124.5500
2015-08-11,124.9000
2015-08-12,123.8700
2015-08-13,124.3200
2015-08-14,124.2700
2015-08-17,124.3300
2015-08-18,124.3900
2015-08-19,124.1000
2015-08-20,123.5400
2015-08-21,122.1100
2015-08-24,118.5600
2015-08-25,119.9100
2015-08-26,119.0700
2015-08-27,120.8900
2015-08-28,121.3200
2015-08-31,121.2600
2015-09-01,119.9400
2015-09-02,120.0000
2015-09-03,120.2000
2015-09-04,119.0500
2015-09-07,.
2015-09-08,119.7200
2015-09-09,120.9400
2015-09-10,120.7100
2015-09-11,120.6600
2015-09-14,119.9200
2015-09-15,120.3000
2015-09-16,120.6200
2015-09-17,120.9000
2015-09-18,119.8500
2015-09-21,120.4600
2015-09-22,120.0400
2015-09-23,120.1200
2015-09-24,119.5400
2015-09-25,120.7400
2015-09-28,119.8200
2015-09-29,119.7600
2015-09-30,119.8100
2015-10-01,119.5800
2015-10-02,119.4200
2015-10-05,120.3600
2015-10-06,120.1800
2015-10-07,119.9000
2015-10-08,119.9400
2015-10-09,120.3000
2015-10-12,.
2015-10-13,119.8000
2015-10-14,119.2100
2015-10-15,118.2600
2015-10-16,119.6000
2015-10-19,119.5000
2015-10-20,119.7900
2015-10-21,119.9100
2015-10-22,120.5000
2015-10-23,121.2000
2015-10-26,120.8700
2015-10-27,120.2900
2015-10-28,120.5600
2015-10-29,121.1400
2015-10-30,120.7000
2015-11-02,120.7000
2015-11-03,121.2000
2015-11-04,121.5200
2015-11-05,121.7100
2015-11-06,123.2000
2015-11-09,123.0400
2015-11-10,123.2200
2015-11-11,.
2015-11-12,122.8400
2015-11-13,122.9300
2015-11-16,123.1100
2015-11-17,123.4800
2015-11-18,123.5100
2015-11-19,122.7100
2015-11-20,122.8000
2015-11-23,123.0200
2015-11-24,122.4700
2015-11-25,122.7000
2015-11-26,.
2015-11-27,122.8400
2015-11-30,123.2200
2015-12-01,122.8800
2015-12-02,123.5200
2015-12-03,123.0600
2015-12-04,123.1000
2015-12-07,123.3100
2015-12-08,123.0000
2015-12-09,121.8600
2015-12-10,121.4400
2015-12-11,120.9400
2015-12-14,120.5700
2015-12-15,121.6600
2015-12-16,121.8800
2015-12-17,122.7500
2015-12-18,121.2000
2015-12-21,120.9900
2015-12-22,120.9400
2015-12-23,120.9400
2015-12-24,120.3200
2015-12-25,.
2015-12-28,120.3000
2015-12-29,120.4400
2015-12-30,120.6000
2015-12-31,120.2700
2016-01-01,.
2016-01-04,119.3000
2016-01-05,118.9500
2016-01-06,118.5400
2016-01-07,118.0000
2016-01-08,117.7400
2016-01-11,117.4800
2016-01-12,117.7800
2016-01-13,118.0600
2016-01-14,118.0300
2016-01-15,116.7800
2016-01-18,.
2016-01-19,117.6600
2016-01-20,116.3800
2016-01-21,117.6100
2016-01-22,118.3700
2016-01-25,118.5500
2016-01-26,118.5000
2016-01-27,118.9000
2016-01-28,118.6100
2016-01-29,121.0500
2016-02-01,121.0600
2016-02-02,120.2700
2016-02-03,117.9200
2016-02-04,116.7500
2016-02-05,116.9900
2016-02-08,115.7000
2016-02-09,114.8000
2016-02-10,114.0300
2016-02-11,111.7200
2016-02-12,112.9600
2016-02-15,.
2016-02-16,113.9000
2016-02-17,114.1400
2016-02-18,113.6200
2016-02-19,112.4200
2016-02-22,113.1200
2016-02-23,112.1700
2016-02-24,111.3600
2016-02-25,112.7000
2016-02-26,113.7800
2016-02-29,112.9000
2016-03-01,113.9400
2016-03-02,113.8100
2016-03-03,113.5300
2016-03-04,113.9100
2016-03-07,113.6000
2016-03-08,112.5800
2016-03-09,113.0600
2016-03-10,113.1000
2016-03-11,113.6600
2016-03-14,113.5900
2016-03-15,112.8800
2016-03-16,113.6900
2016-03-17,111.3000
2016-03-18,111.3800
2016-03-21,111.6200
2016-03-22,111.8200
2016-03-23,112.6300
2016-03-24,112.6400
2016-03-25,113.0500
2016-03-28,113.2900
2016-03-29,113.3300
2016-03-30,112.6000
2016-03-31,112.4200
2016-04-01,112.0600
2016-04-04,111.1800
2016-04-05,110.2600
2016-04-06,109.6300
2016-04-07,107.9800
2016-04-08,108.3600
2016-04-11,107.9600
2016-04-12,108.5400
2016-04-13,109.2100
2016-04-14,109.2000
2016-04-15,108.7600
2016-04-18,108.8500
2016-04-19,109.1600
2016-04-20,109.5100
2016-04-21,109.4100
2016-04-22,111.5000
2016-04-25,111.0800
2016-04-26,111.2300
2016-04-27,111.2600
2016-04-28,108.5500
2016-04-29,106.9000
2016-05-02,106.4800
2016-05-03,106.3400
2016-05-04,107.1200
2016-05-05,107.3200
2016-05-06,106.6600
2016-05-09,108.3900
2016-05-10,109.2200
2016-05-11,108.4800
2016-05-12,108.7300
2016-05-13,109.1400
2016-05-16,108.8900
2016-05-17,109.0200
2016-05-18,109.6500
2016-05-19,109.8100
2016-05-20,110.5200
2016-05-23,109.4700
2016-05-24,110.0000
2016-05-25,110.2200
2016-05-26,109.7400
2016-05-27,109.8600
2016-05-30,.
2016-05-31,110.7500
2016-06-01,109.5500
2016-06-02,108.7500
2016-06-03,106.8800
2016-06-06,107.3300
2016-06-07,107.3000
2016-06-08,106.6800
2016-06-09,106.5400
2016-06-10,107.0600
2016-06-13,106.0700
2016-06-14,106.0200
2016-06-15,105.8700
2016-06-16,104.0500
2016-06-17,104.2000
2016-06-20,104.3200
2016-06-21,104.5600
2016-06-22,104.5600
2016-06-23,105.9000
2016-06-24,102.2600
2016-06-27,101.6600
2016-06-28,102.7100
2016-06-29,102.6800
2016-06-30,102.7700
2016-07-01,102.5500
2016-07-04,.
2016-07-05,101.5800
2016-07-06,101.1200
2016-07-07,100.7400
2016-07-08,100.6500
2016-07-11,102.6600
2016-07-12,104.7200
2016-07-13,104.1000
2016-07-14,105.4000
2016-07-15,105.6400
2016-07-18,106.0000
2016-07-19,106.1300
2016-07-20,106.6500
2016-07-21,105.9800
2016-07-22,106.2200
2016-07-25,106.0200
2016-07-26,104.8300
2016-07-27,105.6500
2016-07-28,104.8600
2016-07-29,102.3200
2016-08-01,102.2600
2016-08-02,100.8200
2016-08-03,101.3400
2016-08-04,101.0800
2016-08-05,101.7400
2016-08-08,102.5300
2016-08-09,101.9600
2016-08-10,101.2700
2016-08-11,101.4600
2016-08-12,101.0100
2016-08-15,101.0200
2016-08-16,100.2800
2016-08-17,100.2400
2016-08-18,100.0700
2016-08-19,100.2400
2016-08-22,100.2500
2016-08-23,100.2000
2016-08-24,100.5000
2016-08-25,100.5800
2016-08-26,101.2000
2016-08-29,102.1300
2016-08-30,102.9200
2016-08-31,103.3800
2016-09-01,103.2200
2016-09-02,104.1800
2016-09-05,.
2016-09-06,102.2800
2016-09-07,101.7200
2016-09-08,102.2800
2016-09-09,102.8600
2016-09-12,101.9600
2016-09-13,102.1400
2016-09-14,102.3300
2016-09-15,102.2400
2016-09-16,102.3600
2016-09-19,101.8200
2016-09-20,101.6600
2016-09-21,100.6200
2016-09-22,100.8000
2016-09-23,101.0400
2016-09-26,100.3400
2016-09-27,100.3600
2016-09-28,100.5700
2016-09-29,101.4800
2016-09-30,101.2100
2016-10-03,101.5400
2016-10-04,102.6600
2016-10-05,103.5300
2016-10-06,104.0200
2016-10-07,103.4200
2016-10-10,.
2016-10-11,103.3600
2016-10-12,104.4800
2016-10-13,103.6200
2016-10-14,104.1000
2016-10-17,103.9600
2016-10-18,103.8000
2016-10-19,103.3000
2016-10-20,103.9200
2016-10-21,103.9600
2016-10-24,104.2000
2016-10-25,104.2500
2016-10-26,104.4200
2016-10-27,105.1400
2016-10-28,105.4000
2016-10-31,105.0700
2016-11-01,104.5900
2016-11-02,103.2200
2016-11-03,103.1700
2016-11-04,103.0200
2016-11-07,104.6000
2016-11-08,104.9800
2016-11-09,104.8400
2016-11-10,106.5600
2016-11-11,.
2016-11-14,108.3000
2016-11-15,108.9400
2016-11-16,109.1600
2016-11-17,109.6400
2016-11-18,110.5100
2016-11-21,111.1200
2016-11-22,110.9800
2016-11-23,112.5800
2016-11-24,.
2016-11-25,113.1700
2016-11-28,112.3600
2016-11-29,112.7800
2016-11-30,114.3400
2016-12-01,114.3400
2016-12-02,113.7600
2016-12-05,114.1000
2016-12-06,113.9800
2016-12-07,113.5000
2016-12-08,114.1600
2016-12-09,115.1700
2016-12-12,115.3400
2016-12-13,115.2600
2016-12-14,115.0600
2016-12-15,118.3200
2016-12-16,117.7400
2016-12-19,116.6000
2016-12-20,117.8600
2016-12-21,117.7900
2016-12-22,117.4800
2016-12-23,117.2200
2016-12-26,.
2016-12-27,117.5200
2016-12-28,117.6600
2016-12-29,116.3200
2016-12-30,116.7800
2017-01-02,.
2017-01-03,117.6800
2017-01-04,117.3800
2017-01-05,115.4600
2017-01-06,116.8500
2017-01-09,116.0700
2017-01-10,115.7400
2017-01-11,116.2600
2017-01-12,113.8700
2017-01-13,115.0300
2017-01-16,.
2017-01-17,112.9600
2017-01-18,113.4000
2017-01-19,115.3000
2017-01-20,.
2017-01-23,112.9000
2017-01-24,113.6300
2017-01-25,113.6000
2017-01-26,114.7000
2017-01-27,115.1600
2017-01-30,113.8600
2017-01-31,112.7200
2017-02-01,113.2900
2017-02-02,112.4800
2017-02-03,112.4200
2017-02-06,112.3200
2017-02-07,112.1400
2017-02-08,111.7400
2017-02-09,113.2400
2017-02-10,113.2200
2017-02-13,113.7900
2017-02-14,114.3400
2017-02-15,114.1700
2017-02-16,113.3600
2017-02-17,112.8600
2017-02-20,.
2017-02-21,113.4800
2017-02-22,113.4600
2017-02-23,112.6800
2017-02-24,112.2600
2017-02-27,112.0100
2017-02-28,112.0600
2017-03-01,113.6600
2017-03-02,114.4500
2017-03-03,114.6000
2017-03-06,113.9200
2017-03-07,113.9900
2017-03-08,114.5800
2017-03-09,114.7100
2017-03-10,115.0200
2017-03-13,114.6100
2017-03-14,114.6300
2017-03-15,114.6600
2017-03-16,113.0200
2017-03-17,112.6700
2017-03-20,112.5900
2017-03-21,111.9000
2017-03-22,111.0600
2017-03-23,111.1200
2017-03-24,111.0300
2017-03-27,110.4800
2017-03-28,110.5600
2017-03-29,111.0500
2017-03-30,111.3600
2017-03-31,111.4100
2017-04-03,110.9600
2017-04-04,110.7400
2017-04-05,111.2000
2017-04-06,111.0200
2017-04-07,110.7600
2017-04-10,110.9500
2017-04-11,109.7400
2017-04-12,109.5400
2017-04-13,109.2300
2017-04-14,108.6300
2017-04-17,108.4600
2017-04-18,108.4000
2017-04-19,109.0600
2017-04-20,109.3400
2017-04-21,109.0800
2017-04-24,109.7400
2017-04-25,110.8800
2017-04-26,111.5200
2017-04-27,111.1300
2017-04-28,111.4400
2017-05-01,111.7800
2017-05-02,112.0600
2017-05-03,112.3400
2017-05-04,112.7000
2017-05-05,112.6300
2017-05-08,112.8400
2017-05-09,114.1900
2017-05-10,114.0200
2017-05-11,113.7700
2017-05-12,113.3000
2017-05-15,113.5400
2017-05-16,113.2400
2017-05-17,111.4600
2017-05-18,110.8200
2017-05-19,111.4700
2017-05-22,111.1500
2017-05-23,111.6400
2017-05-24,112.0200
2017-05-25,111.7000
2017-05-26,111.3000
2017-05-29,.
2017-05-30,110.6800
2017-05-31,110.7100
2017-06-01,111.2400
2017-06-02,110.4900
2017-06-05,110.4900
2017-06-06,109.3400
2017-06-07,109.5400
2017-06-08,110.1000
2017-06-09,110.6100
2017-06-12,109.7200
2017-06-13,110.1200
2017-06-14,109.1600
2017-06-15,110.6600
2017-06-16,110.8400
2017-06-19,111.3400
2017-06-20,111.4600
2017-06-21,111.5800
2017-06-22,111.3600
2017-06-23,111.2600
2017-06-26,111.4800
2017-06-27,112.4200
2017-06-28,112.1800
2017-06-29,112.3200
2017-06-30,112.4000
2017-07-03,113.3200
2017-07-04,.
2017-07-05,113.2000
2017-07-06,113.2800
2017-07-07,114.1000
2017-07-10,114.0800
2017-07-11,114.2000
2017-07-12,113.1900
2017-07-13,113.3900
2017-07-14,112.6600
2017-07-17,112.7600
2017-07-18,111.8900
2017-07-19,111.7700
2017-07-20,111.6800
2017-07-21,111.1800
2017-07-24,111.1000
2017-07-25,111.5700
2017-07-26,112.1000
2017-07-27,111.6200
2017-07-28,110.8700
2017-07-31,110.3800
2017-08-01,110.3300
2017-08-02,110.4300
2017-08-03,110.1200
2017-08-04,110.7600
2017-08-07,110.7600
2017-08-08,110.7400
2017-08-09,110.0400
2017-08-10,109.3700
2017-08-11,109.0600
2017-08-14,109.4800
2017-08-15,110.4200
2017-08-16,110.8000
2017-08-17,109.8800
2017-08-18,109.3200
2017-08-21,108.8900
2017-08-22,109.4000
2017-08-23,109.1400
2017-08-24,109.3400
2017-08-25,109.2400
2017-08-28,109.2200
2017-08-29,109.0200
2017-08-30,110.2000
2017-08-31,110.0600
2017-09-01,110.0900
2017-09-04,.
2017-09-05,108.9400
2017-09-06,108.7500
2017-09-07,108.2600
2017-09-08,107.7200
2017-09-11,109.0300
2017-09-12,110.0100
2017-09-13,110.5800
2017-09-14,110.6600
2017-09-15,110.8400
2017-09-18,111.4800
2017-09-19,111.4900
2017-09-20,111.5000
2017-09-21,112.3000
2017-09-22,112.0100
2017-09-25,111.6400
2017-09-26,112.1600
2017-09-27,112.7600
2017-09-28,112.6600
2017-09-29,112.6400
2017-10-02,112.6000
2017-10-03,112.8000
2017-10-04,112.8400
2017-10-05,112.7400
2017-10-06,112.6800
2017-10-09,.
2017-10-10,112.1500
2017-10-11,112.3500
2017-10-12,112.3800
2017-10-13,111.9400
2017-10-16,111.7200
2017-10-17,112.3200
2017-10-18,112.9400
2017-10-19,112.5400
2017-10-20,113.5000
2017-10-23,113.6600
2017-10-24,113.9200
2017-10-25,113.7000
2017-10-26,113.7200
2017-10-27,113.8200
2017-10-30,113.2600
2017-10-31,113.6300
2017-11-01,114.0400
2017-11-02,113.8400
2017-11-03,114.2500
2017-11-06,113.9000
2017-11-07,113.9000
2017-11-08,113.6200
2017-11-09,113.4000
2017-11-10,.
2017-11-13,113.6200
2017-11-14,113.5000
2017-11-15,113.1500
2017-11-16,112.8900
2017-11-17,111.9800
2017-11-20,112.4900
2017-11-21,112.4600
2017-11-22,111.6200
2017-11-23,.
2017-11-24,111.5400
2017-11-27,111.0000
2017-11-28,111.1300
2017-11-29,111.7500
2017-11-30,112.3000
2017-12-01,111.8800
2017-12-04,112.8000
2017-12-05,112.7600
2017-12-06,112.3200
2017-12-07,112.7000
2017-12-08,113.5500
2017-12-11,113.3400
2017-12-12,113.6200
2017-12-13,113.1900
2017-12-14,112.5600
2017-12-15,112.6800
2017-12-18,112.4000
2017-12-19,112.9800
2017-12-20,113.2900
2017-12-21,113.4200
2017-12-22,113.3000
2017-12-25,.
2017-12-26,113.2000
2017-12-27,113.2800
2017-12-28,112.8500
2017-12-29,112.6900
2018-01-01,.
2018-01-02,112.1800
2018-01-03,112.2800
2018-01-04,112.7800
2018-01-05,113.1800
2018-01-08,113.0800
2018-01-09,112.5700
2018-01-10,111.4800
2018-01-11,111.3500
2018-01-12,111.2300
2018-01-15,.
2018-01-16,110.7400
2018-01-17,110.8100
2018-01-18,110.8800
2018-01-19,110.5600
2018-01-22,111.1500
2018-01-23,110.4600
2018-01-24,109.1500
2018-01-25,108.7000
2018-01-26,108.3800
2018-01-29,109.1200
2018-01-30,108.9000
2018-01-31,109.3100
2018-02-01,109.5000
2018-02-02,110.4000
2018-02-05,110.0900
2018-02-06,109.1800
2018-02-07,109.5300
2018-02-08,109.0000
2018-02-09,108.4400
2018-02-12,108.7200
2018-02-13,107.5900
2018-02-14,107.0000
2018-02-15,106.3600
2018-02-16,106.1000
2018-02-19,.
2018-02-20,107.2300
2018-02-21,107.6400
2018-02-22,106.9600
2018-02-23,106.6400
2018-02-26,106.96
2018-02-27,107.47
2018-02-28,106.62
2018-03-01,106.91
2018-03-02,105.65
2018-03-05,105.97
2018-03-06,106.03
2018-03-07,105.94
2018-03-08,106.08
2018-03-09,106.74
2018-03-12,106.52
2018-03-13,106.64
2018-03-14,106.17
2018-03-15,106.07
2018-03-16,106.1
2018-03-19,105.83
2018-03-20,106.42
2018-03-21,106.3
2018-03-22,105.34
2018-03-23,104.83
2018-03-26,105.0
2018-03-27,105.72
2018-03-28,106.3
2018-03-29,106.27
2018-03-30,106.2
2018-04-02,105.99
2018-04-03,106.45
2018-04-04,106.56
2018-04-05,107.48
2018-04-06,107.03
2018-04-09,107.06
2018-04-10,107.3
2018-04-11,106.78
2018-04-12,107.3
2018-04-13,107.52
2018-04-16,107.26
2018-04-17,107.09
2018-04-18,107.26
2018-04-19,107.42
2018-04-20,107.6
2018-04-23,108.62
2018-04-24,109.03
2018-04-25,109.33
2018-04-26,109.3
2018-04-27,109.12
2018-04-30,109.28
2018-05-01,109.69
2018-05-02,109.89
2018-05-03,109.06
2018-05-04,109.16
2018-05-07,109.14
2018-05-08,109.16
2018-05-09,109.68
2018-05-10,109.53
2018-05-11,109.26
2018-05-14,109.52
2018-05-15,110.25
2018-05-16,110.22
2018-05-17,110.76
2018-05-18,110.71
2018-05-21,111.08
2018-05-22,110.94
2018-05-23,110.05
2018-05-24,109.3
2018-05-25,109.35
2018-05-28,.
2018-05-29,108.62
2018-05-30,109.04
2018-05-31,108.73
2018-06-01,109.49
2018-06-04,109.66
2018-06-05,109.63
2018-06-06,110.0
2018-06-07,109.92
2018-06-08,109.45
2018-06-11,109.94
2018-06-12,110.22
2018-06-13,110.41
2018-06-14,110.44
2018-06-15,110.58
2018-06-18,110.44
2018-06-19,110.02
2018-06-20,110.14
2018-06-21,110.05
2018-06-22,109.98
2018-06-25,109.62
2018-06-26,109.92
2018-06-27,110.34
2018-06-28,110.38
2018-06-29,110.71
2018-07-02,110.73
2018-07-03,110.54
2018-07-04,.
2018-07-05,110.59
2018-07-06,110.48
2018-07-09,110.78
2018-07-10,111.24
2018-07-11,111.52
2018-07-12,112.41
2018-07-13,112.38
2018-07-16,112.29
2018-07-17,112.79
2018-07-18,112.82
2018-07-19,112.98
2018-07-20,111.74
2018-07-23,111.36
2018-07-24,111.27
2018-07-25,111.02
2018-07-26,111.2
2018-07-27,110.94
2018-07-30,110.98
2018-07-31,111.88
2018-08-01,111.72
2018-08-02,111.48
2018-08-03,111.12
2018-08-06,111.43
2018-08-07,111.19
2018-08-08,110.96
2018-08-09,110.9
2018-08-10,110.66
2018-08-13,110.65
2018-08-14,110.92
2018-08-15,110.62
2018-08-16,110.89
2018-08-17,110.54
2018-08-20,110.38
2018-08-21,110.48
2018-08-22,110.54
2018-08-23,111.14
2018-08-24,111.22
2018-08-27,111.09
2018-08-28,111.04
2018-08-29,111.8
2018-08-30,111.17
2018-08-31,110.98
2018-09-03,.
2018-09-04,111.44
2018-09-05,111.47
2018-09-06,110.87
2018-09-07,111.18
2018-09-10,111.09
2018-09-11,111.54
2018-09-12,111.29
2018-09-13,111.92
2018-09-14,112.09
2018-09-17,111.97
2018-09-18,112.3
2018-09-19,112.21
2018-09-20,112.58
2018-09-21,112.62
2018-09-24,112.62
2018-09-25,112.88
2018-09-26,112.92
2018-09-27,113.38
2018-09-28,113.48
2018-10-01,113.96
2018-10-02,113.66
2018-10-03,114.19
2018-10-04,113.79
2018-10-05,113.56
2018-10-08,.
2018-10-09,113.13
2018-10-10,112.71
2018-10-11,112.26
2018-10-12,112.02
2018-10-15,111.82
2018-10-16,112.16
2018-10-17,112.21
2018-10-18,112.11
2018-10-19,112.52
2018-10-22,112.78
2018-10-23,112.12
2018-10-24,112.58
2018-10-25,112.54
2018-10-26,111.65
2018-10-29,112.49
2018-10-30,112.76
2018-10-31,112.86
2018-11-01,112.79
2018-11-02,113.09
2018-11-05,113.22
2018-11-06,113.38
2018-11-07,113.32
2018-11-08,113.87
2018-11-09,113.77
2018-11-12,.
2018-11-13,113.97
2018-11-14,113.7
2018-11-15,113.46
2018-11-16,112.76
2018-11-19,112.54
2018-11-20,112.66
2018-11-21,113.06
2018-11-22,.
2018-11-23,112.83
2018-11-26,113.58
2018-11-27,113.84
2018-11-28,113.96
2018-11-29,113.42
2018-11-30,113.54
2018-12-03,113.54
2018-12-04,112.93
2018-12-05,.
2018-12-06,112.46
2018-12-07,112.6
2018-12-10,112.96
2018-12-11,113.41
2018-12-12,113.28
2018-12-13,113.66
2018-12-14,113.35
2018-12-17,112.96
2018-12-18,112.54
2018-12-19,112.15
2018-12-20,111.34
2018-12-21,111.14
2018-12-24,.
2018-12-25,.
2018-12-26,110.45
2018-12-27,110.78
2018-12-28,110.34
2018-12-31,109.7
2019-01-01,.
2019-01-02,109.22
2019-01-03,108.07
2019-01-04,108.29
2019-01-07,108.62
2019-01-08,108.57
2019-01-09,108.38
2019-01-10,108.29
2019-01-11,108.34
2019-01-14,.
2019-01-15,108.72
2019-01-16,108.84
2019-01-17,109.01
2019-01-18,109.79
2019-01-21,.
2019-01-22,109.34
2019-01-23,109.44
2019-01-24,109.72
2019-01-25,109.6
2019-01-28,109.2
2019-01-29,109.36
2019-01-30,109.57
2019-01-31,108.84
2019-02-01,109.55
2019-02-04,109.96
2019-02-05,109.99
2019-02-06,109.75
2019-02-07,109.7
2019-02-08,109.76
2019-02-11,110.4
2019-02-12,110.5
2019-02-13,110.86
2019-02-14,110.68
2019-02-15,110.54
2019-02-18,.
2019-02-19,110.68
2019-02-20,.
2019-02-21,110.72
2019-02-22,110.7
2019-02-25,111.07
2019-02-26,110.76
2019-02-27,110.92
2019-02-28,111.38
2019-03-01,111.89
2019-03-04,111.68
2019-03-05,111.98
2019-03-06,111.66
2019-03-07,111.6
2019-03-08,111.11
2019-03-11,111.21
2019-03-12,111.38
2019-03-13,111.23
2019-03-14,111.71
2019-03-15,111.57
2019-03-18,111.41
2019-03-19,111.38
2019-03-20,111.41
2019-03-21,110.86
2019-03-22,109.76
2019-03-25,110.09
2019-03-26,110.5
2019-03-27,110.38
2019-03-28,110.54
2019-03-29,110.68
2019-04-01,111.29
2019-04-02,111.32
2019-04-03,111.48
2019-04-04,111.55
2019-04-05,111.71
2019-04-08,111.47
2019-04-09,111.08
2019-04-10,110.92
2019-04-11,111.48
2019-04-12,112.0
2019-04-15,112.0
2019-04-16,111.95
2019-04-17,112.0
2019-04-18,111.94
2019-04-19,111.92
2019-04-22,111.94
2019-04-23,111.86
2019-04-24,111.81
2019-04-25,111.59
2019-04-26,111.6
2019-04-29,111.8
2019-04-30,111.4
2019-05-01,111.18
2019-05-02,111.39
2019-05-03,111.28
2019-05-06,110.86
2019-05-07,110.34
2019-05-08,110.12
2019-05-09,109.55
2019-05-10,109.56
2019-05-13,109.18
2019-05-14,109.68
2019-05-15,109.58
2019-05-16,109.89
2019-05-17,109.9
2019-05-20,109.96
2019-05-21,110.6
2019-05-22,110.28
2019-05-23,109.58
2019-05-24,109.38
2019-05-27,.
2019-05-28,109.49
2019-05-29,109.24
2019-05-30,109.67
2019-05-31,108.66
2019-06-03,108.39
2019-06-04,108.3
2019-06-05,108.2
2019-06-06,108.08
2019-06-07,108.15
2019-06-10,108.56
2019-06-11,108.52
2019-06-12,108.42
2019-06-13,108.44
2019-06-14,108.44
2019-06-17,108.56
2019-06-18,108.39
2019-06-19,108.36
2019-06-20,107.52
2019-06-21,107.55
2019-06-24,107.36
2019-06-25,106.92
2019-06-26,107.64
2019-06-27,107.73
2019-06-28,107.84
2019-07-01,108.42
2019-07-02,107.98
2019-07-03,107.84
2019-07-04,.
2019-07-05,108.55
2019-07-08,108.72
2019-07-09,108.78
2019-07-10,108.44
2019-07-11,108.29
2019-07-12,108.0
2019-07-15,107.89
2019-07-16,108.35
2019-07-17,108.1
2019-07-18,107.74
2019-07-19,107.78
2019-07-22,107.91
2019-07-23,108.06
2019-07-24,108.08
2019-07-25,108.58
2019-07-26,108.69
2019-07-29,108.86
2019-07-30,108.66
2019-07-31,108.58
2019-08-01,108.28
2019-08-02,106.64
2019-08-05,106.02
2019-08-06,106.45
2019-08-07,105.62
2019-08-08,106.04
2019-08-09,105.3
2019-08-12,105.38
2019-08-13,106.6
2019-08-14,105.79
2019-08-15,106.12
2019-08-16,106.34
2019-08-19,106.5
2019-08-20,106.35
2019-08-21,106.52
2019-08-22,106.44
2019-08-23,105.3
2019-08-26,106.0
2019-08-27,105.8
2019-08-28,105.86
2019-08-29,106.5
2019-08-30,106.3
2019-09-02,.
2019-09-03,105.88
2019-09-04,106.28
2019-09-05,106.96
2019-09-06,106.8
2019-09-09,107.14
2019-09-10,107.34
2019-09-11,107.73
2019-09-12,107.97
2019-09-13,108.12
2019-09-16,107.94
2019-09-17,108.12
2019-09-18,108.17
2019-09-19,108.0
2019-09-20,107.95
2019-09-23,107.47
2019-09-24,107.32
2019-09-25,107.78
2019-09-26,107.67
2019-09-27,108.05
2019-09-30,108.11
2019-10-01,107.7
2019-10-02,107.21
2019-10-03,106.76
2019-10-04,106.91
2019-10-07,107.06
2019-10-08,107.06
2019-10-09,107.43
2019-10-10,107.91
2019-10-11,108.52
2019-10-14,.
2019-10-15,108.83
2019-10-16,108.71
2019-10-17,108.51
2019-10-18,108.44
2019-10-21,108.57
2019-10-22,108.56
2019-10-23,108.64
2019-10-24,108.62
2019-10-25,108.75
2019-10-28,109.02
2019-10-29,108.83
2019-10-30,108.88
2019-10-31,108.09
2019-11-01,108.16
2019-11-04,108.56
2019-11-05,109.13
2019-11-06,108.86
2019-11-07,109.42
2019-11-08,109.14
2019-11-11,.
2019-11-12,109.09
2019-11-13,108.83
2019-11-14,108.33
2019-11-15,108.8
2019-11-18,108.61
2019-11-19,108.59
2019-11-20,108.67
2019-11-21,108.53
2019-11-22,108.67
2019-11-25,108.95
2019-11-26,109.11
2019-11-27,109.38
2019-11-28,.
2019-11-29,109.47
2019-12-02,109.09
2019-12-03,108.53
2019-12-04,108.87
2019-12-05,108.69
2019-12-06,108.66
2019-12-09,108.59
2019-12-10,108.73
2019-12-11,108.67
2019-12-12,109.16
2019-12-13,109.28
2019-12-16,109.64
2019-12-17,109.52
2019-12-18,109.58
2019-12-19,109.23
2019-12-20,109.45
2019-12-23,109.39
2019-12-24,109.38
2019-12-25,.
2019-12-26,109.67
2019-12-27,109.47
2019-12-30,108.85
2019-12-31,108.67
2020-01-01,.
2020-01-02,108.43
2020-01-03,107.94
2020-01-06,108.36
2020-01-07,108.53
2020-01-08,109.03
2020-01-09,109.47
2020-01-10,109.5
2020-01-13,109.93
2020-01-14,110.05
2020-01-15,109.94
2020-01-16,110.16
2020-01-17,110.16
2020-01-20,.
2020-01-21,109.95
2020-01-22,109.93
2020-01-23,109.39
2020-01-24,109.31
2020-01-27,108.95
2020-01-28,109.17
2020-01-29,109.15
2020-01-30,108.75
2020-01-31,108.5
2020-02-03,108.59
2020-02-04,109.41
2020-02-05,109.74
2020-02-06,109.89
2020-02-07,109.81
